"OrganismName","Phylum","Class","Order","Family","OrganismGroups","Strain","BioSample","BioProject","Assembly","Level","SizeMb","GBpercent","WGS","Scaffolds","CDS","ReleaseDate","GenBankFTP"
"Ciona intestinalis","Chordata","Ascidiacea","Enterogona","Cionidae","Eukaryota;Animals;Other Animals","","","PRJDA65419","GCA_000224145.2","Chromosome",115.227,36.0239,"EAAA01",1280,21099,2011-04-27 00:00:00,"ftp://ftp.ncbi.nlm.nih.gov/genomes/all/GCA/000/224/145/GCA_000224145.2_KH"
"Paracentrotus lividus","Echinodermata","Echinoidea","Echinoida","Echinidae","Eukaryota;Animals;Other Animals","","SAMEA1045637","PRJEB25800","GCA_940671915.1","Scaffold",927.476,34.4,"CALNVZ01",3747,0,2022-05-03 00:00:00,"ftp://ftp.ncbi.nlm.nih.gov/genomes/all/GCA/940/671/915/GCA_940671915.1_Pliv_v1"
"Acropora millepora","Cnidaria","Anthozoa","Scleractinia","Acroporidae","Eukaryota;Animals;Other Animals","JS-1","SAMN14973899","PRJNA767661","GCA_013753865.1","Chromosome",475.381,39.0654,"JACAWQ01",854,41860,2020-07-27 00:00:00,"ftp://ftp.ncbi.nlm.nih.gov/genomes/all/GCA/013/753/865/GCA_013753865.1_Amil_v2.1"
"Eucidaris tribuloides","Echinodermata","Echinoidea","Cidaroida","Cidaridae","Eukaryota;Animals;Other Animals","Etri01","SAMN00717266","PRJNA63057","GCA_001188425.1","Scaffold",2187.26,37.2,"JZLH01",637071,0,2015-04-14 00:00:00,""
"Megalops atlanticus","Chordata","Actinopteri","Elopiformes","Megalopidae","Eukaryota;Animals;Fishes","YG-15Mar2019-1","SAMN17228543","PRJNA690086","GCA_019176425.1","Chromosome",990.03,42.8112,"JAFDVH01",397,23905,2021-07-08 00:00:00,"ftp://ftp.ncbi.nlm.nih.gov/genomes/all/GCA/019/176/425/GCA_019176425.1_MATL_1.0"
"Albula glossodonta","Chordata","Actinopteri","Albuliformes","Albulidae","Eukaryota;Animals;Fishes","HI-2016","SAMN17284271","PRJNA668352","GCA_019788955.1","Scaffold",1049.07,41.6,"JAFBMS01",3445,28305,2021-08-27 00:00:00,"ftp://ftp.ncbi.nlm.nih.gov/genomes/all/GCA/019/788/955/GCA_019788955.1_BYU_Aglo_1.0"
"Phoca vitulina","Chordata","Mammalia","Carnivora","Phocidae","Eukaryota;Animals;Mammals","PV1807","SAMN10150265","PRJNA605348","GCA_004348235.1","Scaffold",2363.59,41.4,"RXNX01",5541,45385,2019-02-11 00:00:00,""
"Mugil cephalus","Chordata","Actinopteri","Mugiliformes","Mugilidae","Eukaryota;Animals;Fishes","CIBA_MC_2020","SAMN16703275","PRJNA821704","GCA_022458985.1","Chromosome",634.85,41.8893,"JAJAQD01",24,44626,2022-03-03 00:00:00,"ftp://ftp.ncbi.nlm.nih.gov/genomes/all/GCA/022/458/985/GCA_022458985.1_CIBA_Mcephalus_1.1"
"Dugong dugon","Chordata","Mammalia","Sirenia","Dugongidae","Eukaryota;Animals;Mammals","","SAMEA8456941","PRJEB43952","GCA_905400935.1","Scaffold",3196.67,39.3,"CAJQER01",16045,0,2022-02-17 00:00:00,"ftp://ftp.ncbi.nlm.nih.gov/genomes/all/GCA/905/400/935/GCA_905400935.1_Dugong"
"Acropora tenuis","Cnidaria","Anthozoa","Scleractinia","Acroporidae","Eukaryota;Animals;Other Animals","","SAMD00178855","PRJDB8519","GCA_014633955.1","Scaffold",403.138,36.1,"BLAZ01",1538,0,2020-09-04 00:00:00,"ftp://ftp.ncbi.nlm.nih.gov/genomes/all/GCA/014/633/955/GCA_014633955.1_Aten_1.0"
"Caranx melampygus","Chordata","Actinopteri","Carangiformes","Carangidae","Eukaryota;Animals;Fishes","HI-2018","SAMN17839201","PRJNA670455","GCA_019059645.1","Contig",710.793,43.5,"JAFELL01",3576,30859,2021-06-29 00:00:00,"ftp://ftp.ncbi.nlm.nih.gov/genomes/all/GCA/019/059/645/GCA_019059645.1_BYU_Cmel_1.0"
"Salarias fasciatus","Chordata","Actinopteri","Blenniiformes","Blenniidae","Eukaryota;Animals;Fishes","","SAMEA4966329","PRJEB33184","GCA_902148845.1","Chromosome",797.507,44.423,"CABFVL01",203,39222,2019-06-28 00:00:00,"ftp://ftp.ncbi.nlm.nih.gov/genomes/all/GCA/902/148/845/GCA_902148845.1_fSalaFa1.1"
"Chanos chanos","Chordata","Actinopteri","Gonorynchiformes","Chanidae","Eukaryota;Animals;Fishes","","SAMEA5159473","PRJEB33882","GCA_902362185.1","Chromosome",656.929,41.5793,"CABIVN01",31,29908,2019-08-09 00:00:00,"ftp://ftp.ncbi.nlm.nih.gov/genomes/all/GCA/902/362/185/GCA_902362185.1_fChaCha1.1"
"Trachurus trachurus","Chordata","Actinopteri","Carangiformes","Carangidae","Eukaryota;Animals;Fishes","","SAMEA7524396","PRJEB42172","GCA_905171665.2","Chromosome",801.244,41.9451,"CAJIMH02",153,0,2021-01-25 00:00:00,"ftp://ftp.ncbi.nlm.nih.gov/genomes/all/GCA/905/171/665/GCA_905171665.2_fTraTra1.2"
"Montipora cactus","Cnidaria","Anthozoa","Scleractinia","Acroporidae","Eukaryota;Animals;Other Animals","","SAMD00186143","PRJDB8519","GCA_014634245.1","Scaffold",652.738,36.4,"BLFO01",4925,0,2020-09-04 00:00:00,"ftp://ftp.ncbi.nlm.nih.gov/genomes/all/GCA/014/634/245/GCA_014634245.1_Mcac_1.0"
"Acanthaster planci","Echinodermata","Asteroidea","Spinulosida","Acanthasteridae","Eukaryota;Animals;Other Animals","","SAMD00054104","PRJDB3175","GCA_001949145.1","Scaffold",383.86,41.5001,"BDGF01",1766,33214,2016-12-17 00:00:00,""
"Amphiprion ocellaris","Chordata","Actinopteri","Ovalentaria/misc","Pomacentridae","Eukaryota;Animals;Fishes","DU_AmpOce","SAMN07982614","PRJNA421964","GCA_002776465.1","Scaffold",880.721,39.5001,"NXFZ01",6405,48463,2017-11-16 00:00:00,""
"Hippocampus kuda","Chordata","Actinopteri","Syngnathiformes","Syngnathidae","Eukaryota;Animals;Fishes","","SAMEA5563355","PRJEB32126","GCA_901007745.1","Scaffold",444.948,44.1,"CAAKHF01",27749,0,2020-04-02 00:00:00,"ftp://ftp.ncbi.nlm.nih.gov/genomes/all/GCA/901/007/745/GCA_901007745.1_Hippocampus_kuda_assembly"
"Aeoliscus strigatus","Chordata","Actinopteri","Syngnathiformes","Centriscidae","Eukaryota;Animals;Fishes","","SAMEA5563349","PRJEB32126","GCA_901007665.1","Scaffold",381.316,44.3,"CAAKHB01",8858,0,2020-04-02 00:00:00,"ftp://ftp.ncbi.nlm.nih.gov/genomes/all/GCA/901/007/665/GCA_901007665.1_Aeoliscus_strigatus_assembly"
"Epinephelus lanceolatus","Chordata","Actinopteri","Perciformes/Serranoidei","Serranidae","Eukaryota;Animals;Fishes","Andai001","SAMN10786578","PRJNA625542","GCA_005281545.1","Chromosome",1087.42,41.5627,"SZWH01",4201,42970,2019-05-13 00:00:00,""
"Sousa chinensis","Chordata","Mammalia","Cetacea","Delphinidae","Eukaryota;Animals;Mammals","SCSF","SAMN10523266","PRJNA508467","GCA_007760645.1","Scaffold",2338.88,40.3,"RWJT01",23368,0,2019-07-31 00:00:00,""
"Istiophorus platypterus","Chordata","Actinopteri","Carangiformes","Istiophoridae","Eukaryota;Animals;Fishes","SHS-SA01","SAMN16522249","PRJNA670841","GCA_016859345.1","Chromosome",614.147,40.981,"JADGDC01",471,0,2021-02-10 00:00:00,"ftp://ftp.ncbi.nlm.nih.gov/genomes/all/GCA/016/859/345/GCA_016859345.1_ASM1685934v1"
"Cheilinus undulatus","Chordata","Actinopteri","Eupercaria/misc","Labridae","Eukaryota;Animals;Fishes","","SAMN14532944","PRJNA731939","GCA_018320785.1","Chromosome",1173.47,39.5358,"JAGUQY01",46,40002,2021-05-10 00:00:00,"ftp://ftp.ncbi.nlm.nih.gov/genomes/all/GCA/018/320/785/GCA_018320785.1_ASM1832078v1"
"Stichopus horrens","Echinodermata","Holothuroidea","Synallactida","Stichopodidae","Eukaryota;Animals;Other Animals","PI_1","SAMN12144534","PRJNA551342","GCA_009801055.1","Scaffold",689.131,37.5,"VJOZ01",423833,0,2019-12-27 00:00:00,""
"Collichthys lucidus","Chordata","Actinopteri","Eupercaria/misc","Sciaenidae","Eukaryota;Animals;Fishes","JT15FE1705JMU","SAMN10225518","PRJNA495441","GCA_004119915.2","Chromosome",877.615,41.8051,"SCMI01",854,28508,2019-01-29 00:00:00,""
"Panulirus ornatus","Arthropoda","Malacostraca","Decapoda","Palinuridae","Eukaryota;Animals;Other Animals","MSLOSL-1","SAMN18044709","PRJNA704576","GCA_018397875.1","Scaffold",1925.79,39.1,"JAGKTJ01",403881,0,2021-05-18 00:00:00,"ftp://ftp.ncbi.nlm.nih.gov/genomes/all/GCA/018/397/875/GCA_018397875.1_Panulirus_ornatus"
"Lagocephalus sceleratus","Chordata","Actinopteri","Tetraodontiformes","Tetraodontidae","Eukaryota;Animals;Fishes","","SAMEA8994838","PRJEB46605","GCA_911728415.1","Contig",373.99,46.7,"CAJVRN01",241,0,2021-11-16 00:00:00,"ftp://ftp.ncbi.nlm.nih.gov/genomes/all/GCA/911/728/415/GCA_911728415.1_Lsceleratus_genome.fasta"
"Acropora digitifera","Cnidaria","Anthozoa","Scleractinia","Acroporidae","Eukaryota;Animals;Other Animals","","SAMD00004206","PRJDA67425","GCA_000222465.2","Scaffold",447.497,40.4999,"BACK02",2421,33878,2011-07-28 00:00:00,"ftp://ftp.ncbi.nlm.nih.gov/genomes/all/GCA/000/222/465/GCA_000222465.2_Adig_1.1"
"Acropora palmata","Cnidaria","Anthozoa","Scleractinia","Acroporidae","Eukaryota;Animals;Other Animals","1012","SAMN09283722","PRJNA473816","GCA_025960835.1","Scaffold",304.252,39,"JAOVVL01",441,0,2022-11-02 00:00:00,""
"Boleophthalmus pectinirostris","Chordata","Actinopteri","Gobiiformes","Oxudercidae","Eukaryota;Animals;Fishes","","SAMN03201692","PRJNA384419","GCA_000788275.1","Scaffold",955.752,40.1001,"JACK01",16620,25161,2014-11-25 00:00:00,"ftp://ftp.ncbi.nlm.nih.gov/genomes/all/GCA/000/788/275/GCA_000788275.1_BP.fa"
"Ruditapes philippinarum","Mollusca","Bivalvia","Venerida","Veneridae","Eukaryota;Animals;Other Animals","orange1","SAMN09603765","PRJNA479743","GCA_009026015.1","Chromosome",1123.16,32.262,"QUSP01",30670,0,2019-10-09 00:00:00,""
"Epinephelus coioides","Chordata","Actinopteri","Perciformes/Serranoidei","Serranidae","Eukaryota;Animals;Fishes","","SAMEA4836213","PRJEB28248","GCA_900536245.1","Scaffold",1023.56,41.3,"UNPE01",1450,0,2019-11-07 00:00:00,"ftp://ftp.ncbi.nlm.nih.gov/genomes/all/GCA/900/536/245/GCA_900536245.1_Grouper"
"Stylophora pistillata","Cnidaria","Anthozoa","Scleractinia","Pocilloporidae","Eukaryota;Animals;Other Animals","CSM Monaco","SAMN03491624","PRJNA415215","GCA_002571385.1","Scaffold",400.12,39.6996,"LSMT01",5688,33252,2017-10-17 00:00:00,""
"Apostichopus japonicus","Echinodermata","Holothuroidea","Synallactida","Stichopodidae","Eukaryota;Animals;Other Animals","Shaxun","SAMN06108953","PRJNA354676","GCA_002754855.1","Scaffold",804.621,36.8,"MRZV01",3278,30221,2017-11-06 00:00:00,""
"Octopus vulgaris","Mollusca","Cephalopoda","Octopoda","Octopodidae","Eukaryota;Animals;Other Animals","Ov12053","SAMN10120072","PRJNA492973","GCA_003957725.1","Scaffold",1772.96,29.9,"RXHP01",77681,0,2018-12-21 00:00:00,""
"Chiloscyllium punctatum","Chordata","Elasmobranchii","Orectolobiformes","Hemiscylliidae","Eukaryota;Animals;Fishes","","SAMD00098917","PRJDB6260","GCA_003427335.1","Scaffold",3375.7,37.6,"BEZZ01",280241,0,2018-08-01 00:00:00,""
"Seriola lalandi dorsalis","Chordata","Actinopteri","Carangiformes","Carangidae","Eukaryota;Animals;Fishes","HSWRI2012SDOR001","SAMN04902367","PRJNA423295","GCA_002814215.1","Scaffold",732.51,40.9002,"PEQF01",99598,38827,2017-12-08 00:00:00,""
"Seriola dumerili","Chordata","Actinopteri","Carangiformes","Carangidae","Eukaryota;Animals;Fishes","Sdu_G_001","SAMD00083043","PRJDB5856","GCA_002260705.1","Scaffold",677.686,40.9002,"BDQW01",34656,32734,2017-08-03 21:21:00,""
"Caretta caretta","Chordata","Reptilia","Testudines","Cheloniidae","Eukaryota;Animals;Reptiles","SJ_126:Eziel1","SAMN27958248","PRJNA853764","GCA_023653815.1","Chromosome",2134.01,44.0325,"JAMOIO01",2008,54596,2022-06-06 00:00:00,"ftp://ftp.ncbi.nlm.nih.gov/genomes/all/GCA/023/653/815/GCA_023653815.1_GSC_CCare_1.0"
"Stegastes partitus","Chordata","Actinopteri","Ovalentaria/misc","Pomacentridae","Eukaryota;Animals;Fishes","25-593","SAMN02743342","PRJNA251741","GCA_000690725.1","Scaffold",800.492,42.1,"JMKM01",5818,31597,2014-05-12 00:00:00,"ftp://ftp.ncbi.nlm.nih.gov/genomes/all/GCA/000/690/725/GCA_000690725.1_Stegastes_partitus-1.0.2"
"Trematomus bernacchii","Chordata","Actinopteri","Perciformes/Notothenioidei","Nototheniidae","Eukaryota;Animals;Fishes","","SAMEA104132834","PRJEB37642","GCA_902827165.1","Scaffold",867.125,40.9,"CADEHM01",864,40874,2020-04-11 00:00:00,"ftp://ftp.ncbi.nlm.nih.gov/genomes/all/GCA/902/827/165/GCA_902827165.1_fTreBer1.1"
"Argyrosomus japonicus","Chordata","Actinopteri","Eupercaria/misc","Sciaenidae","Eukaryota;Animals;Fishes","RH1","SAMN16453595","PRJNA669485","GCA_015710095.1","Contig",791.96,41.3,"JADEYK01",1984,0,2020-12-02 00:00:00,"ftp://ftp.ncbi.nlm.nih.gov/genomes/all/GCA/015/710/095/GCA_015710095.1_ASM1571009v1"
"Bostrychus sinensis","Chordata","Actinopteri","Gobiiformes","Butidae","Eukaryota;Animals;Fishes","BsZS01","SAMN20923843","PRJNA756677","GCA_020698575.1","Chromosome",885.739,39.6797,"JAIMZQ01",62,0,2021-11-01 00:00:00,"ftp://ftp.ncbi.nlm.nih.gov/genomes/all/GCA/020/698/575/GCA_020698575.1_ASM2069857v1"
"Lates calcarifer","Chordata","Actinopteri","Carangaria/misc","Latidae","Eukaryota;Animals;Fishes","ASB-BC8","SAMN04026617","PRJNA345597","GCA_001640805.2","Chromosome",673.814,40.8663,"LLXD02",2997,45365,2016-05-09 00:00:00,""
"Acropora hyacinthus","Cnidaria","Anthozoa","Scleractinia","Acroporidae","Eukaryota;Animals;Other Animals","CA74","SAMN20335437","PRJNA707502","GCA_020536085.1","Chromosome",446.425,39.0259,"JAIFHZ01",907,0,2021-10-20 00:00:00,"ftp://ftp.ncbi.nlm.nih.gov/genomes/all/GCA/020/536/085/GCA_020536085.1_Ahyacinthus.chrsV1"
"Rastrelliger kanagurta","Chordata","Actinopteri","Scombriformes","Scombridae","Eukaryota;Animals;Fishes","Chumphon 001","SAMN29174327","PRJNA850182","GCA_024605255.1","Scaffold",902.261,38.1,"JANJYQ01",1024446,0,2022-08-09 00:00:00,""
"Ophiothrix spiculata","Echinodermata","Ophiuroidea","Ophiurida","Ophiothrichidae","Eukaryota;Animals;Other Animals","Osp01","SAMN03108599","PRJNA182997","GCA_000969725.1","Scaffold",2764.32,35.1,"JXSR01",75696,0,2015-02-03 00:00:00,"ftp://ftp.ncbi.nlm.nih.gov/genomes/all/GCA/000/969/725/GCA_000969725.1_Ospi.un_1.0"
"Psettodes erumei","Chordata","Actinopteri","Pleuronectiformes","Psettodidae","Eukaryota;Animals;Fishes","NWPU-DKJ-2019","SAMN13439343","PRJNA592748","GCA_016785225.1","Contig",466.552,44.1,"JAFBJZ01",970,0,2021-02-01 00:00:00,"ftp://ftp.ncbi.nlm.nih.gov/genomes/all/GCA/016/785/225/GCA_016785225.1_ASM1678522v1"
"Hapalochlaena maculosa","Mollusca","Cephalopoda","Octopoda","Octopodidae","Eukaryota;Animals;Other Animals","MV002_HMAC","SAMN13906985","PRJNA602771","GCA_015501135.1","Scaffold",4009.6,22.6,"JACXVO01",48284,0,2020-11-16 00:00:00,"ftp://ftp.ncbi.nlm.nih.gov/genomes/all/GCA/015/501/135/GCA_015501135.1_ASM1550113v1"
"Hippocampus comes","Chordata","Actinopteri","Syngnathiformes","Syngnathidae","Eukaryota;Animals;Fishes","QL1","SAMN04531611","PRJNA359802","GCA_001891065.2","Scaffold",492.131,43.6998,"LVHJ01",32914,41961,2016-12-08 00:00:00,""
"Lutjanus erythropterus","Chordata","Actinopteri","Eupercaria/misc","Lutjanidae","Eukaryota;Animals;Fishes","Sam1_Nov2020","SAMN16091799","PRJNA662638","GCA_020091685.1","Chromosome",969.886,39.6428,"JADIXO01",10853,0,2021-09-22 00:00:00,"ftp://ftp.ncbi.nlm.nih.gov/genomes/all/GCA/020/091/685/GCA_020091685.1_ASM2009168v1"
"Clytia hemisphaerica","Cnidaria","Hydrozoa","Leptothecata","Campanulariidae","Eukaryota;Animals;Other Animals","Z4C2","SAMEA6473874","PRJEB35696","GCA_902728285.1","Scaffold",420.979,35.1,"CACVBU01",1396,0,2020-02-02 00:00:00,"ftp://ftp.ncbi.nlm.nih.gov/genomes/all/GCA/902/728/285/GCA_902728285.1_Clytia_hemisphaerica_genome_assembly"
"Botryllus schlosseri","Chordata","Ascidiacea","Pleurogona","Styelidae","Eukaryota;Animals;Other Animals","356a","SAMN02179234","PRJNA205369","GCA_000444245.1","Scaffold",579.633,40.6,"ATSW01",120139,0,2013-07-05 00:00:00,"ftp://ftp.ncbi.nlm.nih.gov/genomes/all/GCA/000/444/245/GCA_000444245.1_356a-chromosome-assembly"
"Cromileptes altivelis","Chordata","Actinopteri","Perciformes/Serranoidei","Serranidae","Eukaryota;Animals;Fishes","Calt-HN2019","SAMN14537433","PRJNA623050","GCA_013133815.1","Chromosome",1013.37,41.2315,"JAAWWW01",164,0,2020-05-20 00:00:00,"ftp://ftp.ncbi.nlm.nih.gov/genomes/all/GCA/013/133/815/GCA_013133815.1_SYSU_Calt_1.1"
"Eleutheronema tetradactylum","Chordata","Actinopteri","Carangaria/misc","Polynemidae","Eukaryota;Animals;Fishes","MA-2019","SAMN13011971","PRJNA576868","GCA_014490765.1","Scaffold",610.498,39.3,"WFKG01",36746,0,2020-09-08 00:00:00,"ftp://ftp.ncbi.nlm.nih.gov/genomes/all/GCA/014/490/765/GCA_014490765.1_CUHK_ma_10x"
"Scatophagus argus","Chordata","Actinopteri","Acanthuriformes","Scatophagidae","Eukaryota;Animals;Fishes","fScaArg1","SAMN12623616","PRJNA776026","GCA_020382885.1","Chromosome",570.802,41.5077,"JAIZDN01",48,48218,2021-10-07 00:00:00,"ftp://ftp.ncbi.nlm.nih.gov/genomes/all/GCA/020/382/885/GCA_020382885.1_fScaArg1.pri"
"Cephalopholis sonnerati","Chordata","Actinopteri","Perciformes/Serranoidei","Serranidae","Eukaryota;Animals;Fishes","cs-2020","SAMN17766311","PRJNA699118","GCA_019142605.1","Scaffold",1043.73,41,"JAGQAX01",196,0,2021-07-06 00:00:00,"ftp://ftp.ncbi.nlm.nih.gov/genomes/all/GCA/019/142/605/GCA_019142605.1_JJU_Cson_1.0"
"Pocillopora damicornis","Cnidaria","Anthozoa","Scleractinia","Pocilloporidae","Eukaryota;Animals;Other Animals","RSMAS","SAMN09007954","PRJNA506040","GCA_003704095.1","Scaffold",234.351,38.2994,"RCHS01",4393,25183,2018-10-31 00:00:00,""
"Echeneis naucrates","Chordata","Actinopteri","Carangiformes","Echeneidae","Eukaryota;Animals;Fishes","","SAMEA4966390","PRJEB31992","GCA_900963305.1","Chromosome",544.229,41.4328,"CAAHFO01",38,38188,2019-04-09 00:00:00,"ftp://ftp.ncbi.nlm.nih.gov/genomes/all/GCA/900/963/305/GCA_900963305.1_fEcheNa1.1"
"Acropora florida","Cnidaria","Anthozoa","Scleractinia","Acroporidae","Eukaryota;Animals;Other Animals","","SAMD00186153","PRJDB8519","GCA_014634605.1","Scaffold",442.825,35.4,"BLFE01",6979,0,2020-09-04 00:00:00,"ftp://ftp.ncbi.nlm.nih.gov/genomes/all/GCA/014/634/605/GCA_014634605.1_Aflo_1.0"
"Acropora nasuta","Cnidaria","Anthozoa","Scleractinia","Acroporidae","Eukaryota;Animals;Other Animals","","SAMD00186147","PRJDB8519","GCA_014634205.1","Scaffold",416.422,36.2,"BLFL01",4717,0,2020-09-04 00:00:00,"ftp://ftp.ncbi.nlm.nih.gov/genomes/all/GCA/014/634/205/GCA_014634205.1_Anas_1.0"
"Acropora yongei","Cnidaria","Anthozoa","Scleractinia","Acroporidae","Eukaryota;Animals;Other Animals","","SAMD00186145","PRJDB8519","GCA_014634225.1","Scaffold",438.048,36.4,"BLFN01",1010,0,2020-09-04 00:00:00,"ftp://ftp.ncbi.nlm.nih.gov/genomes/all/GCA/014/634/225/GCA_014634225.1_Ayon_1.0"
"Acropora muricata","Cnidaria","Anthozoa","Scleractinia","Acroporidae","Eukaryota;Animals;Other Animals","","SAMD00186148","PRJDB8519","GCA_014634545.1","Scaffold",420.732,36.4,"BLFJ01",6861,0,2020-09-04 00:00:00,"ftp://ftp.ncbi.nlm.nih.gov/genomes/all/GCA/014/634/545/GCA_014634545.1_Amur_1.0"
"Caranx ignobilis","Chordata","Actinopteri","Carangiformes","Carangidae","Eukaryota;Animals;Fishes","HI-2019","SAMN18021194","PRJNA670456","GCA_021432705.1","Scaffold",605.129,43,"JAFHLA01",203,0,2022-01-10 00:00:00,"ftp://ftp.ncbi.nlm.nih.gov/genomes/all/GCA/021/432/705/GCA_021432705.1_BYU_Cign_1.0"
"Pampus argenteus","Chordata","Actinopteri","Scombriformes","Stromateidae","Eukaryota;Animals;Fishes","Kuwaiti","SAMN02699082","PRJNA240272","GCA_000697985.1","Scaffold",350.449,38.2,"JHEK01",298139,0,2014-06-03 00:00:00,"ftp://ftp.ncbi.nlm.nih.gov/genomes/all/GCA/000/697/985/GCA_000697985.1_PamArg1.0"
"Rhincodon typus","Chordata","Elasmobranchii","Orectolobiformes","Rhincodontidae","Eukaryota;Animals;Fishes","14","SAMN19519256","PRJNA842712","GCA_021869965.1","Chromosome",2881.33,42.2233,"JAHMAH01",16776,33673,2022-02-02 00:00:00,"ftp://ftp.ncbi.nlm.nih.gov/genomes/all/GCA/021/869/965/GCA_021869965.1_sRhiTyp1.1"
"Amphiprion percula","Chordata","Actinopteri","Ovalentaria/misc","Pomacentridae","Eukaryota;Animals;Fishes","AP_NGBR_F1_2018","SAMN08615572","PRJNA436093","GCA_003047355.2","Chromosome",908.956,39.5241,"PYAM01",366,0,2018-04-10 00:00:00,""
"Synchiropus splendidus","Chordata","Actinopteri","Callionymiformes","Callionymidae","Eukaryota;Animals;Fishes","MD1","SAMN15547574","PRJNA646594","GCA_019776025.1","Scaffold",482.926,42.2,"JAFFPX01",9210,0,2021-08-26 00:00:00,"ftp://ftp.ncbi.nlm.nih.gov/genomes/all/GCA/019/776/025/GCA_019776025.1_fSynSpl_1.0"
"Astreopora myriophthalma","Cnidaria","Anthozoa","Scleractinia","Acroporidae","Eukaryota;Animals;Other Animals","","SAMD00186144","PRJDB8519","GCA_014634185.1","Scaffold",373.482,38.4,"BLFK01",1149,0,2020-09-04 00:00:00,"ftp://ftp.ncbi.nlm.nih.gov/genomes/all/GCA/014/634/185/GCA_014634185.1_Amyr_1.0"
"Hippocampus barbouri","Chordata","Actinopteri","Syngnathiformes","Syngnathidae","Eukaryota;Animals;Fishes","IRGN MH5DQ07CI7","SAMN05410355","PRJNA329316","GCA_025770055.1","Scaffold",445.08,42.2,"JAOYNJ01",21170,0,2022-10-20 00:00:00,""
"Chelmon rostratus","Chordata","Actinopteri","Acanthuriformes","Chaetodontidae","Eukaryota;Animals;Fishes","fCheRos1","SAMN12623620","PRJNA734320","GCA_017976325.1","Chromosome",644.208,42.569,"JAGIYV01",29,33912,2021-04-15 00:00:00,"ftp://ftp.ncbi.nlm.nih.gov/genomes/all/GCA/017/976/325/GCA_017976325.1_fCheRos1.pri"
"Brachirus orientalis","Chordata","Actinopteri","Pleuronectiformes","Soleidae","Eukaryota;Animals;Fishes","NWPU-DFRT-2018","SAMN13439273","PRJNA592734","GCA_016785285.1","Scaffold",629.956,39.4,"JAFBJR01",19394,0,2021-02-01 00:00:00,"ftp://ftp.ncbi.nlm.nih.gov/genomes/all/GCA/016/785/285/GCA_016785285.1_ASM1678528v1"
"Mugilogobius chulae","Chordata","Actinopteri","Gobiiformes","Gobiidae","Eukaryota;Animals;Fishes","GDLAMIinbred7-2019","SAMN13698228","PRJNA598084","GCA_016735935.1","Chromosome",1003.36,38.7269,"JAABKB01",732,0,2021-01-21 00:00:00,"ftp://ftp.ncbi.nlm.nih.gov/genomes/all/GCA/016/735/935/GCA_016735935.1_ASM1673593v1"
"Asparagopsis taxiformis","Rhodophyta","Florideophyceae","Bonnemaisoniales","Bonnemaisoniaceae","Eukaryota;Other;Other","Guam","SAMN13615734","PRJNA596236","GCA_018397955.1","Scaffold",46.695,47.7,"JAAEFF01",5651,0,2021-05-18 00:00:00,"ftp://ftp.ncbi.nlm.nih.gov/genomes/all/GCA/018/397/955/GCA_018397955.1_ASM1839795v1"
"Holothuria scabra","Echinodermata","Holothuroidea","Aspidochirotida","Holothuriidae","Eukaryota;Animals;Other Animals","Jaeger 1833","SAMN11618040","PRJNA542245","GCA_026123075.1","Scaffold",1181.45,38.2,"WNHF01",4345,0,2022-11-10 00:00:00,""
"Seriola rivoliana","Chordata","Actinopteri","Carangiformes","Carangidae","Eukaryota;Animals;Fishes","HWSR04","SAMN08545647","PRJNA434264","GCA_002994505.1","Scaffold",666.142,40.5002,"PVUN01",1343,0,2018-03-12 00:00:00,""
"Holacanthus passer","Chordata","Actinopteri","Acanthuriformes","Pomacanthidae","Eukaryota;Animals;Fishes","HPA_SJN_011703","SAMN18269499","PRJNA713824","GCA_025331565.1","Contig",583.528,41.3,"JAFREQ01",486,0,2022-09-20 00:00:00,""
"Stegostoma fasciatum","Chordata","Elasmobranchii","Orectolobiformes","Stegostomatidae","Eukaryota;Animals;Fishes","6-17","SAMN18022887","PRJNA844100","GCA_022316705.1","Chromosome",2771.87,42.2956,"JAFIRC01",1266,41826,2022-02-17 00:00:00,"ftp://ftp.ncbi.nlm.nih.gov/genomes/all/GCA/022/316/705/GCA_022316705.1_sSteFas1.1"
"Plotosus lineatus","Chordata","Actinopteri","Siluriformes","Plotosidae","Eukaryota;Animals;Fishes","Qinzhou-beibuwan-002","SAMN27514949","PRJNA720277","GCA_024760905.1","Chromosome",1333.86,41.5678,"JALRMN01",30,0,2022-08-29 00:00:00,""
"Ginglymostoma cirratum","Chordata","Elasmobranchii","Orectolobiformes","Ginglymostomatidae","Eukaryota;Animals;Fishes","FLO180531","SAMN19313282","PRJNA732133","GCA_024137785.1","Scaffold",4357.86,23.6,"JAHRHZ01",289,0,2022-06-30 00:00:00,""
"Kappaphycus alvarezii","Rhodophyta","Florideophyceae","Gigartinales","Areschougiaceae","Eukaryota;Other;Other","","SAMN06578764","PRJNA379059","GCA_002205965.3","Contig",336.052,45.4,"NADL03",888,0,2017-06-23 00:00:00,""
"Oithona nana","Arthropoda","Hexanauplia","Cyclopoida","Oithonidae","Eukaryota;Animals;Other Animals","","SAMEA48328918","PRJEB18938","GCA_900157175.1","Scaffold",85.0101,38.9,"FTRT01",4626,0,2017-02-16 00:00:00,"ftp://ftp.ncbi.nlm.nih.gov/genomes/all/GCA/900/157/175/GCA_900157175.1_O_NANA_1"
"Acanthochromis polyacanthus","Chordata","Actinopteri","Ovalentaria/misc","Pomacentridae","Eukaryota;Animals;Fishes","Apoly-LR-REF","SAMN16534234","PRJNA888054","GCA_021347895.1","Chromosome",956.772,40.3313,"JAEMOU01",81,0,2022-01-03 00:00:00,"ftp://ftp.ncbi.nlm.nih.gov/genomes/all/GCA/021/347/895/GCA_021347895.1_KAUST_Apoly_ChrSc"
"Patiriella regularis","Echinodermata","Asteroidea","Spinulosida","Asterinidae","Eukaryota;Animals;Other Animals","","SAMEA3518466","PRJEB10600","GCA_900067625.1","Scaffold",949.333,37,"CYSQ01",3006458,0,2015-09-25 00:00:00,"ftp://ftp.ncbi.nlm.nih.gov/genomes/all/GCA/900/067/625/GCA_900067625.1_Patiriella_regularis_genome_assembly_1.0"
"Nautilus pompilius","Mollusca","Cephalopoda","Nautilida","Nautilidae","Eukaryota;Animals;Other Animals","ZY-0506","SAMN14433332","PRJNA614552","GCA_018389105.1","Contig",729.019,36.6,"JACATO01",2743,0,2021-05-17 00:00:00,"ftp://ftp.ncbi.nlm.nih.gov/genomes/all/GCA/018/389/105/GCA_018389105.1_ASM1838910v1"
"Laticauda colubrina","Chordata","Reptilia","Squamata","Elapidae","Eukaryota;Animals;Reptiles","","SAMD00134349","PRJDB7284","GCA_015471245.1","Scaffold",2038.82,37.6,"BLBF01",20583,0,2020-11-04 21:44:00,"ftp://ftp.ncbi.nlm.nih.gov/genomes/all/GCA/015/471/245/GCA_015471245.1_latCor_2.0"
"Syngnathoides biaculeatus","Chordata","Actinopteri","Syngnathiformes","Syngnathidae","Eukaryota;Animals;Fishes","LvHL_M","SAMN16446372","PRJNA669508","GCA_019802595.1","Chromosome",636.519,42.9383,"JADLZI01",142,0,2021-08-30 00:00:00,"ftp://ftp.ncbi.nlm.nih.gov/genomes/all/GCA/019/802/595/GCA_019802595.1_ASM1980259v1"
"Styela clava","Chordata","Ascidiacea","Pleurogona","Styelidae","Eukaryota;Animals;Other Animals","OUC-MLS-2016-MISD03-12-06","SAMN10977492","PRJNA699607","GCA_013122585.2","Scaffold",340.49,35.2997,"SJEG02",211,27445,2020-05-19 00:00:00,"ftp://ftp.ncbi.nlm.nih.gov/genomes/all/GCA/013/122/585/GCA_013122585.2_ASM1312258v2"
"Myripristis jacobus","Chordata","Actinopteri","Holocentriformes","Holocentridae","Eukaryota;Animals;Fishes","","SAMEA4028805","PRJEB12469","GCA_900302555.1","Scaffold",720.397,0,"OMLB01",64974,0,2018-03-09 00:00:00,"ftp://ftp.ncbi.nlm.nih.gov/genomes/all/GCA/900/302/555/GCA_900302555.1_ASM90030255v1"
"Holocentrus rufus","Chordata","Actinopteri","Holocentriformes","Holocentridae","Eukaryota;Animals;Fishes","","SAMEA4028806","PRJEB12469","GCA_900302615.1","Scaffold",649.757,0,"OMLF01",58113,0,2018-03-09 00:00:00,"ftp://ftp.ncbi.nlm.nih.gov/genomes/all/GCA/900/302/615/GCA_900302615.1_ASM90030261v1"
"Neoniphon sammara","Chordata","Actinopteri","Holocentriformes","Holocentridae","Eukaryota;Animals;Fishes","","SAMEA4028807","PRJEB12469","GCA_900302535.1","Scaffold",659.226,0,"OMKZ01",56655,0,2018-03-09 00:00:00,"ftp://ftp.ncbi.nlm.nih.gov/genomes/all/GCA/900/302/535/GCA_900302535.1_ASM90030253v1"
"Brotula barbata","Chordata","Actinopteri","Ophidiiformes","Ophidiidae","Eukaryota;Animals;Fishes","","SAMEA4028811","PRJEB12469","GCA_900303265.1","Scaffold",485.061,0,"OMNV01",29854,0,2018-03-09 00:00:00,"ftp://ftp.ncbi.nlm.nih.gov/genomes/all/GCA/900/303/265/GCA_900303265.1_ASM90030326v1"
"Antennarius striatus","Chordata","Actinopteri","Lophiiformes","Antennariidae","Eukaryota;Animals;Fishes","","SAMEA4028823","PRJEB12469","GCA_900303275.1","Scaffold",441.857,40.8,"OMNX01",70398,0,2018-03-08 00:00:00,"ftp://ftp.ncbi.nlm.nih.gov/genomes/all/GCA/900/303/275/GCA_900303275.1_ASM90030327v1"
"Pseudochromis fuscus","Chordata","Actinopteri","Ovalentaria/misc","Pseudochromidae","Eukaryota;Animals;Fishes","","SAMEA4028829","PRJEB12469","GCA_900323345.1","Scaffold",657.041,0,"OOFC01",52042,0,2018-03-25 00:00:00,"ftp://ftp.ncbi.nlm.nih.gov/genomes/all/GCA/900/323/345/GCA_900323345.1_ASM90032334v1"
"Porites rus","Cnidaria","Anthozoa","Scleractinia","Poritidae","Eukaryota;Animals;Other Animals","14846/IV/SATS-LN/2007","SAMEA104590932","PRJEB23570","GCA_900290455.1","Scaffold",470.011,0,"OKRP01",14982,0,2018-05-26 00:00:00,"ftp://ftp.ncbi.nlm.nih.gov/genomes/all/GCA/900/290/455/GCA_900290455.1_Prus"
"Hypoplectrus puella","Chordata","Actinopteri","Perciformes/Serranoidei","Serranidae","Eukaryota;Animals;Fishes","","SAMEA4799755","PRJEB27858","GCA_900610375.1","Scaffold",612.29,39.5,"UXGA01",14375,0,2018-12-12 00:00:00,"ftp://ftp.ncbi.nlm.nih.gov/genomes/all/GCA/900/610/375/GCA_900610375.1_HP_genome_unmasked_01"
"Takifugu bimaculatus","Chordata","Actinopteri","Tetraodontiformes","Tetraodontidae","Eukaryota;Animals;Fishes","TB-2018","SAMN10524747","PRJNA508537","GCA_004026145.2","Chromosome",404.312,45.5602,"SWLE01",1158,20140,2019-01-16 00:00:00,""
"Hydrophis cyanocinctus","Chordata","Reptilia","Squamata","Hydrophiidae","Eukaryota;Animals;Reptiles","QH_4","SAMN12828154","PRJNA573877","GCA_019473425.1","Chromosome",1980.71,40.5567,"JAAZTL01",1163,0,2021-08-09 00:00:00,"ftp://ftp.ncbi.nlm.nih.gov/genomes/all/GCA/019/473/425/GCA_019473425.1_HCya_v2"
"Emydocephalus ijimae","Chordata","Reptilia","Squamata","Hydrophiidae","Eukaryota;Animals;Reptiles","","SAMD00132326","PRJDB7221","GCA_004319985.1","Scaffold",1625.2,40.3,"BHEV01",157858,0,2019-01-08 00:00:00,""
"Oikopleura albicans","Chordata","Appendicularia","Copelata","Oikopleuridae","Eukaryota;Animals;Other Animals","PointB-2012","SAMN10688971","PRJNA512633","GCA_004367875.1","Scaffold",365.958,33.9,"SCLG01",92906,0,2019-03-25 00:00:00,""
"Dunckerocampus dactyliophorus","Chordata","Actinopteri","Syngnathiformes","Syngnathidae","Eukaryota;Animals;Fishes","","SAMEA5563351","PRJEB32126","GCA_901007775.1","Scaffold",618.747,41.2,"CAAKHH01",20547,0,2020-04-02 00:00:00,"ftp://ftp.ncbi.nlm.nih.gov/genomes/all/GCA/901/007/775/GCA_901007775.1_Doryramphus_dactylophorus_assembly"
"Hippopus hippopus","Mollusca","Bivalvia","Cardiida","Cardiidae","Eukaryota;Animals;Other Animals","","SAMEA8576969","PRJEB55765","GCA_946811185.1","Chromosome",1068.51,36.4491,"CAMPFA01",38,0,2022-09-10 00:00:00,""
"Montipora efflorescens","Cnidaria","Anthozoa","Scleractinia","Acroporidae","Eukaryota;Animals;Other Animals","","SAMD00186142","PRJDB8519","GCA_014634505.1","Scaffold",643.323,36,"BLFP01",5162,0,2020-09-04 00:00:00,"ftp://ftp.ncbi.nlm.nih.gov/genomes/all/GCA/014/634/505/GCA_014634505.1_Meff_1.0"
"Halichondria panicea","Porifera","Demospongiae","Suberitida","Halichondriidae","Eukaryota;Animals;Other Animals","MAG-1","SAMN20669590","PRJNA753045","GCA_020423275.1","Contig",73.9704,42.2,"JAIOUD01",32385,0,2021-10-12 00:00:00,"ftp://ftp.ncbi.nlm.nih.gov/genomes/all/GCA/020/423/275/GCA_020423275.1_ASM2042327v1"
"Montipora capitata","Cnidaria","Anthozoa","Scleractinia","Acroporidae","Eukaryota;Animals;Other Animals","Colony #1","SAMN10221787","PRJNA495325","GCA_006542545.1","Scaffold",614.51,36.8,"RDEB01",27865,0,2019-07-02 00:00:00,""
"Myripristis murdjan","Chordata","Actinopteri","Holocentriformes","Holocentridae","Eukaryota;Animals;Fishes","","SAMEA4872133","PRJEB33188","GCA_902150065.1","Chromosome",835.255,41.8483,"CABFVW01",87,38141,2019-06-28 00:00:00,"ftp://ftp.ncbi.nlm.nih.gov/genomes/all/GCA/902/150/065/GCA_902150065.1_fMyrMur1.1"
"Thalassoma bifasciatum","Chordata","Actinopteri","Eupercaria/misc","Labridae","Eukaryota;Animals;Fishes","BHW_63_Ovary","SAMN10258813","PRJNA293777","GCA_008086565.1","Scaffold",1095.91,38,"RPOG01",379332,0,2019-08-02 00:00:00,""
"Hemiscyllium ocellatum","Chordata","Elasmobranchii","Orectolobiformes","Hemiscylliidae","Eukaryota;Animals;Fishes","sHemOce1","SAMN22550098","PRJNA774310","GCA_020745735.1","Chromosome",3983.48,42.39,"JAJGRY01",1963,0,2021-11-05 00:00:00,"ftp://ftp.ncbi.nlm.nih.gov/genomes/all/GCA/020/745/735/GCA_020745735.1_sHemOce1.pat.X.cur."
"Actinopyga echinites","Echinodermata","Holothuroidea","Aspidochirotida","Holothuriidae","Eukaryota;Animals;Other Animals","5BHN7LBGNF","SAMN11041739","PRJNA525093","GCA_010015985.1","Scaffold",899.12,39.1,"JAAAJZ01",895374,0,2020-01-30 00:00:00,"ftp://ftp.ncbi.nlm.nih.gov/genomes/all/GCA/010/015/985/GCA_010015985.1_ASM1001598v1"
"Zoanthus sociatus","Cnidaria","Anthozoa","Zoantharia","Zoanthidae","Eukaryota;Animals;Other Animals","2Y5WH1N5ID","SAMN14247560","PRJNA598186","GCA_025331085.1","Scaffold",511.955,39.4,"JAOBAY01",235654,0,2022-09-20 00:00:00,""
"Hippocampus whitei","Chordata","Actinopteri","Syngnathiformes","Syngnathidae","Eukaryota;Animals;Fishes","","SAMEA5563354","PRJEB32126","GCA_901007805.1","Scaffold",432.755,43.3,"CAAKHE01",23135,0,2020-04-02 00:00:00,"ftp://ftp.ncbi.nlm.nih.gov/genomes/all/GCA/901/007/805/GCA_901007805.1_Hippocampus_whitei_assembly"
"Fistularia tabacaria","Chordata","Actinopteri","Syngnathiformes","Fistulariidae","Eukaryota;Animals;Fishes","","SAMEA5563353","PRJEB32126","GCA_901007705.1","Scaffold",593.175,43.9,"CAAKHD01",38736,0,2020-04-02 00:00:00,"ftp://ftp.ncbi.nlm.nih.gov/genomes/all/GCA/901/007/705/GCA_901007705.1_Fistularia_tabacaria_assembly"
"Heteractis crispa","Cnidaria","Anthozoa","Actiniaria","Stichodactylidae","Eukaryota;Animals;Other Animals","NT7GRQ4B95","SAMN10992670","PRJNA523929","GCA_015164035.2","Scaffold",275.015,38.7,"JAABNW02",166207,0,2020-11-01 00:00:00,"ftp://ftp.ncbi.nlm.nih.gov/genomes/all/GCA/015/164/035/GCA_015164035.2_ASM1516403v2"
"Entacmaea quadricolor","Cnidaria","Anthozoa","Actiniaria","Actiniidae","Eukaryota;Animals;Other Animals","GW61ZRZ7DM","SAMN10992684","PRJNA523932","GCA_024752375.1","Scaffold",428.331,36.1,"JANTNT01",249586,0,2022-08-27 00:00:00,""
"Pocillopora verrucosa","Cnidaria","Anthozoa","Scleractinia","Pocilloporidae","Eukaryota;Animals;Other Animals","AF25","SAMN12147516","PRJNA551401","GCA_014529365.1","Scaffold",380.506,38,"JAAVTL01",18268,0,2020-09-11 00:00:00,"ftp://ftp.ncbi.nlm.nih.gov/genomes/all/GCA/014/529/365/GCA_014529365.1_Pver_genome_assembly_v1.0"
"Acropora acuminata","Cnidaria","Anthozoa","Scleractinia","Acroporidae","Eukaryota;Animals;Other Animals","","SAMD00186157","PRJDB8519","GCA_014633975.1","Scaffold",394.735,36.9,"BLEZ01",3293,0,2020-09-04 00:00:00,"ftp://ftp.ncbi.nlm.nih.gov/genomes/all/GCA/014/633/975/GCA_014633975.1_Aacu_1.0"
"Acropora awi","Cnidaria","Anthozoa","Scleractinia","Acroporidae","Eukaryota;Animals;Other Animals","","SAMD00186156","PRJDB8519","GCA_014634005.1","Scaffold",428.844,33.8,"BLFA01",2821,0,2020-09-04 00:00:00,"ftp://ftp.ncbi.nlm.nih.gov/genomes/all/GCA/014/634/005/GCA_014634005.1_Aawi_1.0"
"Acropora cytherea","Cnidaria","Anthozoa","Scleractinia","Acroporidae","Eukaryota;Animals;Other Animals","","SAMD00186155","PRJDB8519","GCA_014634045.1","Scaffold",426.327,36.6,"BLFB01",4046,0,2020-09-04 00:00:00,"ftp://ftp.ncbi.nlm.nih.gov/genomes/all/GCA/014/634/045/GCA_014634045.1_Acyt_1.0"
"Acropora echinata","Cnidaria","Anthozoa","Scleractinia","Acroporidae","Eukaryota;Animals;Other Animals","","SAMD00186154","PRJDB8519","GCA_014634105.1","Scaffold",401.479,33.2,"BLFD01",2002,0,2020-09-04 00:00:00,"ftp://ftp.ncbi.nlm.nih.gov/genomes/all/GCA/014/634/105/GCA_014634105.1_Aech_1.0"
"Acropora gemmifera","Cnidaria","Anthozoa","Scleractinia","Acroporidae","Eukaryota;Animals;Other Animals","","SAMD00186152","PRJDB8519","GCA_014634125.1","Scaffold",400.993,35.2,"BLFF01",2274,0,2020-09-04 00:00:00,"ftp://ftp.ncbi.nlm.nih.gov/genomes/all/GCA/014/634/125/GCA_014634125.1_Agem_1.0"
"Acropora microphthalma","Cnidaria","Anthozoa","Scleractinia","Acroporidae","Eukaryota;Animals;Other Animals","","SAMD00186149","PRJDB8519","GCA_014634165.1","Scaffold",383.862,35.3,"BLFI01",4878,0,2020-09-04 00:00:00,"ftp://ftp.ncbi.nlm.nih.gov/genomes/all/GCA/014/634/165/GCA_014634165.1_Amic_1.0"
"Acropora selago","Cnidaria","Anthozoa","Scleractinia","Acroporidae","Eukaryota;Animals;Other Animals","","SAMD00186146","PRJDB8519","GCA_014634525.1","Scaffold",392.939,36.5,"BLFM01",5816,0,2020-09-04 00:00:00,"ftp://ftp.ncbi.nlm.nih.gov/genomes/all/GCA/014/634/525/GCA_014634525.1_Asel_1.0"
"Acropora intermedia","Cnidaria","Anthozoa","Scleractinia","Acroporidae","Eukaryota;Animals;Other Animals","","SAMD00186150","PRJDB8519","GCA_014634585.1","Scaffold",416.876,36.9,"BLFH01",6224,0,2020-09-04 00:00:00,"ftp://ftp.ncbi.nlm.nih.gov/genomes/all/GCA/014/634/585/GCA_014634585.1_Aint_1.0"
"Tridacna gigas","Mollusca","Bivalvia","Cardiida","Cardiidae","Eukaryota;Animals;Other Animals","","SAMEA8576962","PRJEB54853","GCA_945859735.2","Contig",981.746,36.8,"CAMAOU02",5847,0,2022-08-20 00:00:00,"ftp://ftp.ncbi.nlm.nih.gov/genomes/all/GCA/945/859/735/GCA_945859735.2_xbTriGiga4.2_alternate_haplotype"
"Stichodactyla helianthus","Cnidaria","Anthozoa","Actiniaria","Stichodactylidae","Eukaryota;Animals;Other Animals","G8LN15B2N6","SAMN10992685","PRJNA523933","GCA_015163945.1","Scaffold",296.174,37.9,"WUAP01",75557,0,2020-11-01 00:00:00,"ftp://ftp.ncbi.nlm.nih.gov/genomes/all/GCA/015/163/945/GCA_015163945.1_ASM1516394v1"
"Pachyseris speciosa","Cnidaria","Anthozoa","Scleractinia","Agariciidae","Eukaryota;Animals;Other Animals","CAN04-2015","SAMN17108255","PRJNA686157","GCA_016490735.1","Contig",984.431,39.6,"JAEMWC01",2368,0,2021-01-05 00:00:00,"ftp://ftp.ncbi.nlm.nih.gov/genomes/all/GCA/016/490/735/GCA_016490735.1_ASM1649073v1"
"Cassiopea andromeda","Cnidaria","Scyphozoa","Rhizostomeae","Cassiopeidae","Eukaryota;Animals;Other Animals","MZUSP8509","SAMN12993007","PRJNA576371","GCA_018155075.1","Scaffold",406.637,33.7,"WIPJ01",101352,0,2021-04-28 00:00:00,"ftp://ftp.ncbi.nlm.nih.gov/genomes/all/GCA/018/155/075/GCA_018155075.1_ASM1815507v1"
"Stichopus chloronotus","Echinodermata","Holothuroidea","Synallactida","Stichopodidae","Eukaryota;Animals;Other Animals","Wuzhizhou","SAMN10651567","PRJNA511931","GCA_021234535.1","Chromosome",719.131,37.924,"SFZH01",296,0,2021-12-20 00:00:00,"ftp://ftp.ncbi.nlm.nih.gov/genomes/all/GCA/021/234/535/GCA_021234535.1_IOCAS_Schl_1.0"
"Periophthalmus modestus","Chordata","Actinopteri","Gobiiformes","Oxudercidae","Eukaryota;Animals;Fishes","MABIKPM","SAMN15953065","PRJNA660579","GCA_019594935.1","Scaffold",854.419,40.6,"JAIEZT01",1417,0,2021-08-13 00:00:00,"ftp://ftp.ncbi.nlm.nih.gov/genomes/all/GCA/019/594/935/GCA_019594935.1_ASM1959493v1"
"Platygyra sinensis","Cnidaria","Anthozoa","Scleractinia","Faviidae","Eukaryota;Animals;Other Animals","PL-1","SAMN19654032","PRJNA736579","GCA_019787425.1","Contig",1096.36,39.2,"JAHPZR01",56369,0,2021-08-27 00:00:00,"ftp://ftp.ncbi.nlm.nih.gov/genomes/all/GCA/019/787/425/GCA_019787425.1_ASM1978742v1"
"Tridacna crocea","Mollusca","Bivalvia","Cardiida","Cardiidae","Eukaryota;Animals;Other Animals","","SAMEA9449764","PRJEB53300","GCA_943736015.1","Chromosome",1048.99,36.3091,"CALSFA01",33,0,2022-06-03 00:00:00,"ftp://ftp.ncbi.nlm.nih.gov/genomes/all/GCA/943/736/015/GCA_943736015.1_xbTriCroc3.1"
"Phyllopteryx taeniolatus","Chordata","Actinopteri","Syngnathiformes","Syngnathidae","Eukaryota;Animals;Fishes","CaoHL_F","SAMN16446373","PRJNA669508","GCA_019802545.1","Chromosome",668.103,42.2127,"JADLZH01",895,0,2021-08-30 00:00:00,"ftp://ftp.ncbi.nlm.nih.gov/genomes/all/GCA/019/802/545/GCA_019802545.1_ASM1980254v1"
"Siphamia tubifer","Chordata","Actinopteri","Kurtiformes","Apogonidae","Eukaryota;Animals;Fishes","OKA1","SAMN19670674","PRJNA736963","GCA_020466265.1","Chromosome",1200.85,37.7152,"JAIVEL01",119,0,2021-10-13 00:00:00,"ftp://ftp.ncbi.nlm.nih.gov/genomes/all/GCA/020/466/265/GCA_020466265.1_ASM2046626v1"
"Sebastes melanops","Chordata","Actinopteri","Perciformes/Scorpaenoidei","Sebastidae","Eukaryota;Animals;Fishes","","SAMEA7962361","PRJEB42258","GCA_916701325.1","Scaffold",782.955,40.7,"CAKANC01",56282,0,2021-10-19 00:00:00,"ftp://ftp.ncbi.nlm.nih.gov/genomes/all/GCA/916/701/325/GCA_916701325.1_S_melanops_134856"
"Porites australiensis","Cnidaria","Anthozoa","Scleractinia","Poritidae","Eukaryota;Animals;Other Animals","","SAMD00039992","PRJDB4187","GCA_022179025.1","Scaffold",576.511,35.3,"BOPM01",4983,0,2022-01-14 21:16:00,"ftp://ftp.ncbi.nlm.nih.gov/genomes/all/GCA/022/179/025/GCA_022179025.1_Paus_1.0"
"Catalaphyllia jardinei","Cnidaria","Anthozoa","Scleractinia","Merulinidae","Eukaryota;Animals;Other Animals","CO-2020","SAMN17141194","PRJNA687327","GCA_022496165.2","Chromosome",651.363,39.2902,"JAEMPF02",38168,0,2022-03-07 00:00:00,"ftp://ftp.ncbi.nlm.nih.gov/genomes/all/GCA/022/496/165/GCA_022496165.2_CUHK_Cjar_2.0"
"Semicossyphus pulcher","Chordata","Actinopteri","Eupercaria/misc","Labridae","Eukaryota;Animals;Fishes","SPU_LCO1_2020_fin","SAMN25656429","PRJNA807366","GCA_022749685.1","Scaffold",794.123,41.6,"JAKSZQ01",179,0,2022-03-29 00:00:00,"ftp://ftp.ncbi.nlm.nih.gov/genomes/all/GCA/022/749/685/GCA_022749685.1_fSemPul1.0.p"
"Atherinomorus stipes","Chordata","Actinopteri","Atheriniformes","Atherinidae","Eukaryota;Animals;Fishes","CP-10Xind","SAMN26558927","PRJNA814500","GCA_023101725.1","Scaffold",1210.12,41,"JALJCO01",14598,0,2022-04-25 00:00:00,"ftp://ftp.ncbi.nlm.nih.gov/genomes/all/GCA/023/101/725/GCA_023101725.1_atherinomorus_stipes_v1"
"Dascyllus trimaculatus","Chordata","Actinopteri","Ovalentaria/misc","Pomacentridae","Eukaryota;Animals;Fishes","Kuro_0920G","SAMN27642109","PRJNA828170","GCA_024666655.1","Chromosome",910.763,41.6104,"JAMOIN01",2156,0,2022-08-15 00:00:00,""
"Cladonema radiatum","Cnidaria","Hydrozoa","Anthoathecata","Cladonematidae","Eukaryota;Animals;Other Animals","742QOJ1H3Z","SAMN15589955","PRJNA647553","GCA_025330745.1","Scaffold",618.598,33.1,"JANSTP01",337580,0,2022-09-20 00:00:00,""
"Zoanthus gigantus","Cnidaria","Anthozoa","Zoantharia","Zoanthidae","Eukaryota;Animals;Other Animals","HZVCTPUFWY","SAMN14247557","PRJNA598193","GCA_025331005.1","Scaffold",497.812,39.4,"JAOBBB01",538143,0,2022-09-20 00:00:00,""
"Isaurus tuberculatus","Cnidaria","Anthozoa","Zoantharia","Epizoanthidae","Eukaryota;Animals;Other Animals","WPF6ZGCF4S","SAMN30173715","PRJNA866863","GCA_025447995.1","Scaffold",481.907,38.3,"JAOEHV01",580586,0,2022-09-27 00:00:00,""
"Palythoa grandis","Cnidaria","Anthozoa","Zoantharia","Zoanthidae","Eukaryota;Animals;Other Animals","1PFXJ0MAC7","SAMN16111113","PRJNA580275","GCA_025448215.1","Scaffold",676.216,39.8,"JAOEJH01",905787,0,2022-09-27 00:00:00,""
"Heliocidaris tuberculata","Echinodermata","Echinoidea","Camarodonta","Echinometridae","Eukaryota;Animals;Other Animals","PLD820","SAMN27620208","PRJNA827769","GCA_025618425.1","Chromosome",897.798,36.8841,"JALRNC01",169,0,2022-10-07 00:00:00,""
"Hypoplectrus indigo","Chordata","Actinopteri","Perciformes/Serranoidei","Serranidae","Eukaryota;Animals;Fishes","FL0318","SAMN22344566","PRJNA771799","GCA_025762485.1","Scaffold",653.284,37,"JAOXJS01",53955,0,2022-10-19 00:00:00,""
"Corythoichthys haematopterus","Chordata","Actinopteri","Syngnathiformes","Syngnathidae","Eukaryota;Animals;Fishes","TWZM6OG9IT","SAMN09688208","PRJNA481559","GCA_025762715.1","Scaffold",852.583,35.4,"JAOXJL01",189004,0,2022-10-19 00:00:00,""
"Hypoplectrus chlorurus","Chordata","Actinopteri","Perciformes/Serranoidei","Serranidae","Eukaryota;Animals;Fishes","FL0331","SAMN22344563","PRJNA771794","GCA_025762755.1","Scaffold",654.918,36.6,"JAOXJR01",53752,0,2022-10-19 00:00:00,""
"Hypoplectrus aberrans","Chordata","Actinopteri","Perciformes/Serranoidei","Serranidae","Eukaryota;Animals;Fishes","FL0839","SAMN22344560","PRJNA771791","GCA_025802035.1","Scaffold",655.885,36.7,"JAOYMT01",57520,0,2022-10-23 00:00:00,""
"Semicossyphus pulcher","Chordata","Actinopteri","Eupercaria/misc","Labridae","Eukaryota;Animals;Fishes","SPU_LCO1_2020_fin","SAMN25656429","PRJNA807365","GCA_022749735.1","Scaffold",1095.73,41.7,"JAKSZR01",13198,0,2022-03-29 00:00:00,"ftp://ftp.ncbi.nlm.nih.gov/genomes/all/GCA/022/749/735/GCA_022749735.1_fSemPul1.0.a"
"Phyllopteryx taeniolatus","Chordata","Actinopteri","Syngnathiformes","Syngnathidae","Eukaryota;Animals;Fishes","CaoHL_M","SAMN16446374","PRJNA669508","GCA_019802525.1","Chromosome",642.86,42.1676,"JADLZG01",158,0,2021-08-30 00:00:00,"ftp://ftp.ncbi.nlm.nih.gov/genomes/all/GCA/019/802/525/GCA_019802525.1_ASM1980252v1"
"Tridacna crocea","Mollusca","Bivalvia","Cardiida","Cardiidae","Eukaryota;Animals;Other Animals","","SAMEA9449764","PRJEB53301","GCA_943736005.1","Contig",1129.51,36.3,"CALSFB01",2262,0,2022-06-03 00:00:00,"ftp://ftp.ncbi.nlm.nih.gov/genomes/all/GCA/943/736/005/GCA_943736005.1_xbTriCroc3.1_alternate_haplotype"
"Hemiscyllium ocellatum","Chordata","Elasmobranchii","Orectolobiformes","Hemiscylliidae","Eukaryota;Animals;Fishes","sHemOce1","SAMN22550098","PRJNA774309","GCA_020745765.1","Scaffold",4149.46,41.9,"JAJGRZ01",4000,0,2021-11-05 00:00:00,"ftp://ftp.ncbi.nlm.nih.gov/genomes/all/GCA/020/745/765/GCA_020745765.1_sHemOce1.mat.decon"
"Myripristis murdjan","Chordata","Actinopteri","Holocentriformes","Holocentridae","Eukaryota;Animals;Fishes","","SAMEA4872133","PRJEB33187","GCA_902148815.1","Scaffold",819.085,41.8,"CABFVP01",2193,0,2019-06-28 00:00:00,"ftp://ftp.ncbi.nlm.nih.gov/genomes/all/GCA/902/148/815/GCA_902148815.1_fMyrMur1.1_alternate_haplotype"
"Hippopus hippopus","Mollusca","Bivalvia","Cardiida","Cardiidae","Eukaryota;Animals;Other Animals","","SAMEA8576969","PRJEB55766","GCA_946811455.1","Scaffold",963.384,36.4,"CAMPFB01",3880,0,2022-09-10 00:00:00,""
"Nephromyces sp. ex Molgula occidentalis","Chordata","Ascidiacea","Pleurogona","Molgulidae","Eukaryota;Protists;Apicomplexans","MO01","SAMN10992619","PRJNA524113","GCA_004523865.1","Contig",560.451,31.5,"SOZB01",548705,0,2019-03-29 00:00:00,""
"Hydrophis cyanocinctus","Chordata","Reptilia","Squamata","Hydrophiidae","Eukaryota;Animals;Reptiles","QH_1-3","SAMN10441167","PRJNA506024","GCA_004023725.1","Scaffold",1389.86,37.6,"RSAE01",546690,0,2019-01-15 00:00:00,""
"Syngnathoides biaculeatus","Chordata","Actinopteri","Syngnathiformes","Syngnathidae","Eukaryota;Animals;Fishes","LvHL_F","SAMN16446371","PRJNA669508","GCA_019802575.1","Contig",648.227,42.9,"JADLZJ01",445,0,2021-08-30 00:00:00,"ftp://ftp.ncbi.nlm.nih.gov/genomes/all/GCA/019/802/575/GCA_019802575.1_ASM1980257v1"
"Laticauda colubrina","Chordata","Reptilia","Squamata","Elapidae","Eukaryota;Animals;Reptiles","","SAMD00134349","PRJDB7284","GCA_004320045.1","Scaffold",2024.69,35.6,"BHFR01",62906,0,2019-01-08 00:00:00,""
"Acanthochromis polyacanthus","Chordata","Actinopteri","Ovalentaria/misc","Pomacentridae","Eukaryota;Animals;Fishes","","SAMN06347167","PRJNA396896","GCA_002109545.1","Scaffold",991.585,41.5,"MVNR01",30414,36596,2017-04-25 00:00:00,""
"Asparagopsis taxiformis","Rhodophyta","Florideophyceae","Bonnemaisoniales","Bonnemaisoniaceae","Eukaryota;Other;Other","Cali","SAMN13615772","PRJNA596236","GCA_018397975.1","Scaffold",75.2003,46.7,"JAAEFE01",10024,0,2021-05-18 00:00:00,"ftp://ftp.ncbi.nlm.nih.gov/genomes/all/GCA/018/397/975/GCA_018397975.1_spades"
"Chelmon rostratus","Chordata","Actinopteri","Acanthuriformes","Chaetodontidae","Eukaryota;Animals;Fishes","fCheRos1","SAMN12623620","PRJNA561970","GCA_017976315.1","Scaffold",601.667,42.6,"JAGIYW01",2125,0,2021-04-15 00:00:00,"ftp://ftp.ncbi.nlm.nih.gov/genomes/all/GCA/017/976/315/GCA_017976315.1_fCheRos1.alt"
"Rhincodon typus","Chordata","Elasmobranchii","Orectolobiformes","Rhincodontidae","Eukaryota;Animals;Fishes","Ralph","SAMN04562461","PRJNA378405","GCA_001642345.3","Scaffold",2961.78,41.2,"LVEK03",39171,0,2016-05-11 00:00:00,""
"Echeneis naucrates","Chordata","Actinopteri","Carangiformes","Echeneidae","Eukaryota;Animals;Fishes","","SAMEA4966390","PRJEB31993","GCA_900963505.1","Scaffold",528.272,41.4,"CAAHFP01",1405,0,2019-04-09 00:00:00,"ftp://ftp.ncbi.nlm.nih.gov/genomes/all/GCA/900/963/505/GCA_900963505.1_fEcheNa1.1_alternate_haplotype"
"Scatophagus argus","Chordata","Actinopteri","Acanthuriformes","Scatophagidae","Eukaryota;Animals;Fishes","fScaArg1","SAMN12623616","PRJNA749580","GCA_020382915.1","Scaffold",563.245,41.5,"JAIZDO01",1592,0,2021-10-07 00:00:00,"ftp://ftp.ncbi.nlm.nih.gov/genomes/all/GCA/020/382/915/GCA_020382915.1_fScaArg1.alt"
"Cromileptes altivelis","Chordata","Actinopteri","Perciformes/Serranoidei","Serranidae","Eukaryota;Animals;Fishes","ca_2020","SAMN18593460","PRJNA719261","GCA_019925165.1","Chromosome",1083.01,41.266,"JAHVCJ01",306,0,2021-09-10 00:00:00,"ftp://ftp.ncbi.nlm.nih.gov/genomes/all/GCA/019/925/165/GCA_019925165.1_OUC_Cal_1.0"
"Acropora hyacinthus","Cnidaria","Anthozoa","Scleractinia","Acroporidae","Eukaryota;Animals;Other Animals","","SAMD00186151","PRJDB8519","GCA_014634145.1","Scaffold",447.2,35.9,"BLFG01",2758,0,2020-09-04 00:00:00,"ftp://ftp.ncbi.nlm.nih.gov/genomes/all/GCA/014/634/145/GCA_014634145.1_Ahya_1.0"
"Lates calcarifer","Chordata","Actinopteri","Carangaria/misc","Latidae","Eukaryota;Animals;Fishes","","SAMEA3519091","PRJEB10637","GCA_900066045.1","Contig",605.008,40.8,"CYIE01",1422,0,2017-03-01 00:00:00,"ftp://ftp.ncbi.nlm.nih.gov/genomes/all/GCA/900/066/045/GCA_900066045.1_ASB_FALCONassembly_v1"
"Bostrychus sinensis","Chordata","Actinopteri","Gobiiformes","Butidae","Eukaryota;Animals;Fishes","Xmu-F0037-527","SAMN15198413","PRJNA638439","GCA_018703735.1","Scaffold",865.257,37.9,"JABWHA01",3915,0,2021-06-03 00:00:00,"ftp://ftp.ncbi.nlm.nih.gov/genomes/all/GCA/018/703/735/GCA_018703735.1_ASM1870373v1"
"Trematomus bernacchii","Chordata","Actinopteri","Perciformes/Notothenioidei","Nototheniidae","Eukaryota;Animals;Fishes","","SAMEA104132834","PRJEB37641","GCA_902827105.1","Scaffold",950.297,40.9,"CADEHO01",7825,0,2020-04-11 00:00:00,"ftp://ftp.ncbi.nlm.nih.gov/genomes/all/GCA/902/827/105/GCA_902827105.1_fTreBer1.1_alternate_haplotype"
"Seriola lalandi","Chordata","Actinopteri","Carangiformes","Carangidae","Eukaryota;Animals;Fishes","YTK006","SAMN04544729","PRJNA314866","GCA_003054885.1","Scaffold",766.364,0,"MAII01",7606,0,2018-04-17 00:00:00,""
"Apostichopus japonicus","Echinodermata","Holothuroidea","Synallactida","Stichopodidae","Eukaryota;Animals;Other Animals","green-color","SAMN04093816","PRJNA335936","GCA_001866495.1","Scaffold",664.37,35.9,"MODV01",132607,0,2016-11-04 00:00:00,""
"Acropora digitifera","Cnidaria","Anthozoa","Scleractinia","Acroporidae","Eukaryota;Animals;Other Animals","","SAMD00186141","PRJDB8519","GCA_014634065.1","Scaffold",415.828,38.9,"BLFC01",955,0,2020-09-04 00:00:00,"ftp://ftp.ncbi.nlm.nih.gov/genomes/all/GCA/014/634/065/GCA_014634065.1_Adig_2.0"
"Collichthys lucidus","Chordata","Actinopteri","Eupercaria/misc","Sciaenidae","Eukaryota;Animals;Fishes","MT201911","SAMN13155762","PRJNA580353","GCA_009852395.1","Scaffold",671.995,38.7,"WLVB01",77375,0,2020-01-10 00:00:00,""
"Sousa chinensis","Chordata","Mammalia","Cetacea","Delphinidae","Eukaryota;Animals;Mammals","MY-2018","SAMN08903183","PRJNA449414","GCA_003521335.2","Scaffold",2339.09,40.9,"QWLN02",20903,19651,2018-09-10 00:00:00,""
"Epinephelus lanceolatus","Chordata","Actinopteri","Perciformes/Serranoidei","Serranidae","Eukaryota;Animals;Fishes","Hainan-2019-5","SAMN17126497","PRJNA686844","GCA_017165655.1","Chromosome",1064.07,41.3108,"JAERIG01",69,0,2021-03-04 00:00:00,"ftp://ftp.ncbi.nlm.nih.gov/genomes/all/GCA/017/165/655/GCA_017165655.1_SYSU_Elan_1.1"
"Amphiprion ocellaris","Chordata","Actinopteri","Ovalentaria/misc","Pomacentridae","Eukaryota;Animals;Fishes","individual 3","SAMN23798798","PRJNA787397","GCA_022539595.1","Chromosome",863.468,39.5849,"JAJUWX01",353,0,2022-03-10 00:00:00,"ftp://ftp.ncbi.nlm.nih.gov/genomes/all/GCA/022/539/595/GCA_022539595.1_ASM2253959v1"
"Trachurus trachurus","Chordata","Actinopteri","Carangiformes","Carangidae","Eukaryota;Animals;Fishes","","SAMEA7524396","PRJEB42173","GCA_905171655.2","Scaffold",797.028,42,"CAJIMG02",1049,0,2021-01-25 00:00:00,"ftp://ftp.ncbi.nlm.nih.gov/genomes/all/GCA/905/171/655/GCA_905171655.2_fTraTra1.2_alternate_haplotype"
"Chanos chanos","Chordata","Actinopteri","Gonorynchiformes","Chanidae","Eukaryota;Animals;Fishes","Chacha1","SAMN17922191","PRJNA702026","GCA_018691325.1","Contig",659.336,41.3,"JAFFIB01",1683,0,2021-06-03 00:00:00,"ftp://ftp.ncbi.nlm.nih.gov/genomes/all/GCA/018/691/325/GCA_018691325.1_CCHAN_1.0"
"Salarias fasciatus","Chordata","Actinopteri","Blenniiformes","Blenniidae","Eukaryota;Animals;Fishes","","SAMEA4966329","PRJEB33183","GCA_902148835.1","Scaffold",894.676,44.3,"CABFVM01",4516,0,2019-06-28 00:00:00,"ftp://ftp.ncbi.nlm.nih.gov/genomes/all/GCA/902/148/835/GCA_902148835.1_fSalaFa1.1_alternate_haplotype"
"Dugong dugon","Chordata","Mammalia","Sirenia","Dugongidae","Eukaryota;Animals;Mammals","","SAMD00237432","PRJDB10190","GCA_015147995.1","Scaffold",2620.89,40.5,"BMBL01",116852,0,2020-08-31 22:34:00,"ftp://ftp.ncbi.nlm.nih.gov/genomes/all/GCA/015/147/995/GCA_015147995.1_D_dugong_scaffold_01"
"Acropora millepora","Cnidaria","Anthozoa","Scleractinia","Acroporidae","Eukaryota;Animals;Other Animals","SF001","SAMN09287627","PRJNA524133","GCA_004143615.1","Scaffold",386.6,35.1,"QTZP01",3869,0,2019-02-06 00:00:00,""
"Ciona intestinalis","Chordata","Ascidiacea","Enterogona","Cionidae","Eukaryota;Animals;Other Animals","","SAMD00164337","PRJDB8078","GCA_009617815.1","Scaffold",122.992,35.9,"BJTB01",67,0,2019-10-19 00:00:00,""
"Ciona intestinalis","Chordata","Ascidiacea","Enterogona","Cionidae","Eukaryota;Animals;Other Animals","","SAMD00255143","PRJDB10575","GCA_018327805.1","Scaffold",175.288,36.2,"BNJZ01",518,0,2021-04-02 00:00:00,"ftp://ftp.ncbi.nlm.nih.gov/genomes/all/GCA/018/327/805/GCA_018327805.1_Cint_typeB-Plymouth_1.0"
"Chanos chanos","Chordata","Actinopteri","Gonorynchiformes","Chanidae","Eukaryota;Animals;Fishes","","SAMEA5159473","PRJEB33881","GCA_902362175.1","Scaffold",637.485,41.5,"CABIVO01",1937,0,2019-08-12 00:00:00,"ftp://ftp.ncbi.nlm.nih.gov/genomes/all/GCA/902/362/175/GCA_902362175.1_fChaCha1.1_alternate_haplotype"
"Acanthaster planci","Echinodermata","Asteroidea","Spinulosida","Acanthasteridae","Eukaryota;Animals;Other Animals","Phuket01","SAMD00229334","PRJDB9937","GCA_019972235.1","Scaffold",400.439,40.6,"BLZE01",3642,0,2021-07-31 00:00:00,"ftp://ftp.ncbi.nlm.nih.gov/genomes/all/GCA/019/972/235/GCA_019972235.1_PKT-COTS_1.0"
"Lates calcarifer","Chordata","Actinopteri","Carangaria/misc","Latidae","Eukaryota;Animals;Fishes","","SAMEA3519091","PRJEB10637","GCA_900066035.1","Scaffold",668.465,40.8,"CYIF01",3807,0,2017-03-01 00:00:00,"ftp://ftp.ncbi.nlm.nih.gov/genomes/all/GCA/900/066/035/GCA_900066035.1_ASB_HGAPassembly_v1"
"Rhincodon typus","Chordata","Elasmobranchii","Orectolobiformes","Rhincodontidae","Eukaryota;Animals;Fishes","KOGIC-WS-01","SAMN09428498","PRJNA476219","GCA_013626285.1","Scaffold",2820.59,41.1,"QPMN01",136451,0,2020-07-24 00:00:00,"ftp://ftp.ncbi.nlm.nih.gov/genomes/all/GCA/013/626/285/GCA_013626285.1_RhiTyp_1.0"
"Phyllopteryx taeniolatus","Chordata","Actinopteri","Syngnathiformes","Syngnathidae","Eukaryota;Animals;Fishes","TA_2022b","SAMN28950364","PRJNA765702","GCA_024500385.1","Chromosome",652.157,42.2459,"JAMWDW01",1258,0,2022-08-01 00:00:00,""
"Lates calcarifer","Chordata","Actinopteri","Carangaria/misc","Latidae","Eukaryota;Animals;Fishes","","SAMN03466679","PRJNA280691","GCA_001010145.1","Scaffold",589.095,40.4,"LBLR01",22775,0,2015-05-18 00:00:00,""
"Acanthaster planci","Echinodermata","Asteroidea","Spinulosida","Acanthasteridae","Eukaryota;Animals;Other Animals","Israel04","SAMD00229345","PRJDB9937","GCA_019972275.1","Scaffold",385.631,40.6,"BLZC01",3552,0,2021-07-31 00:00:00,"ftp://ftp.ncbi.nlm.nih.gov/genomes/all/GCA/019/972/275/GCA_019972275.1_ISR-COTS_1.0"
"Ciona intestinalis","Chordata","Ascidiacea","Enterogona","Cionidae","Eukaryota;Animals;Other Animals","","SAMD00255144","PRJDB10575","GCA_018327825.1","Scaffold",275.796,36.4,"BNKA01",306,0,2021-04-02 00:00:00,"ftp://ftp.ncbi.nlm.nih.gov/genomes/all/GCA/018/327/825/GCA_018327825.1_Cint_typeB-Roscoff_1.0"
"Ciona intestinalis","Chordata","Ascidiacea","Enterogona","Cionidae","Eukaryota;Animals;Other Animals","","SAMN02769623","PRJNA166","GCA_000183065.1","Scaffold",116.733,36.1,"AABS01",2501,0,2002-12-12 00:00:00,"ftp://ftp.ncbi.nlm.nih.gov/genomes/all/GCA/000/183/065/GCA_000183065.1_v1.0"
"Acanthaster planci","Echinodermata","Asteroidea","Spinulosida","Acanthasteridae","Eukaryota;Animals;Other Animals","","SAMD00020546","PRJDB3175","GCA_001949165.1","Scaffold",383.525,41.5,"BDGH01",3274,0,2016-12-17 00:00:00,""
"Acanthaster planci","Echinodermata","Asteroidea","Spinulosida","Acanthasteridae","Eukaryota;Animals;Other Animals","AUS-Apl0001","SAMD00020546","PRJDB3175","GCA_000950615.1","Scaffold",2.58492,41.5,"BBNW01",2,0,2015-02-17 00:00:00,"ftp://ftp.ncbi.nlm.nih.gov/genomes/all/GCA/000/950/615/GCA_000950615.1_AUS-COTS_V0.5"
